043.361.250-90,
408.642.270-00,
005.074.499-24,
909.709.690-15,
834.878.830-15,
031.361.730-90,
039.783.820-40,
682.996.210-20,
042.229.250-80,
077.075.998-02,
446.041.220-91,
022.223.630-20,
034.985.940-01,
011.227.330-03,
442.818.028-43,
923.565.910-87,
408.982.960-72,
003.389.290-37,
085.762.889-58,
025.892.280-07,
900.658.080-53,
501.315.400-68,
978.344.080-20,
721.257.990-49,
362.358.348-02,
556.118.000-25,
690.401.840-20,
003.907.771-37,
961.320.276-53,
642.284.280-53,
031.276.380-86,
084.877.309-81,
018.699.550-48,
094.586.499-00,
943.904.600-72,
000.772.500-01,
007.306.270-71,
029.887.940-90,
992.279.910-34,
032.051.600-88,
005.445.810-24,
009.743.370-56,
011.623.590-05,
009.048.620-03,
610.139.940-00,
381.478.328-00,
982.550.530-34,
006.521.140-59,
007.064.320-29,
642.445.550-72
